Designated Use,Production Area,Classification Zone,Species(a),Classification,Explanatory Note(b),Local Authority,RMP ID,RMP Name,England or Wales
Production,Anglesey - East,Anglesey Mussels,Mytilus spp.,A,1,Gwynedd CC,B104A,Anglesey Mussels,Wales
Production,Anglesey – Red Wharf Bay,Red Wharf Bay,C. edule,B-LT,N/A,Ynys Mon CC,B057J,Nodwydd,Wales
Production,Bigbury and Avon,West Bank,C. gigas,B ,N/A,South Hams DC,B030I,West Bank North,England
Production,Bigbury and Avon,South Hexdown,C. gigas,B ,N/A,South Hams DC,B030J,South Hexdown North,England
Production,Bigbury and Avon,East Bank,C. gigas,B ,N/A,South Hams DC,B030K,East Bank North,England
Production,Bigbury and Avon,South Hexdown,Mytilus spp.,C,1,South Hams DC,B030L,South Hexdown North (M. sp),England
Production,Blackwater,St Peters & Batchelor,C. gigas,A,N/A,Maldon DC,B014A,Bachelor Spit,England
Production,Blackwater,St Peters & Batchelor,O. edulis,A,N/A,Maldon DC,B014A,Bachelor Spit,England
Production,Blackwater,Osea South,C. gigas,B-LT,4,Maldon DC,B014U,North Double Buoy,England
Production,Blackwater,Osea South,O. edulis,B-LT,4,Maldon DC,B014U,North Double Buoy,England
Production,Blackwater,Goldhanger,C. gigas,B-LT,N/A,Maldon DC,B014V,Goldhanger,England
Production,Blackwater,Goldhanger,O. edulis,B-LT,N/A,Maldon DC,B014V,Goldhanger,England
Production,Blackwater,Goldhanger,M. mercenaria,B-LT,N/A,Maldon DC,B014V,Goldhanger,England
Production,Blackwater,Central Blackwater,C. gigas,B-LT,N/A,Maldon DC,B014W,Ramsey Marsh,England
Production,Blackwater,Central Blackwater,O. edulis,B-LT,N/A,Maldon DC,B014W,Ramsey Marsh,England
Production,Blackwater,Central Blackwater,M. mercenaria,B-LT,N/A,Maldon DC,B014W,Ramsey Marsh,England
Production,Blackwater,Outer Blackwater,C. gigas,Seasonal A/B,"Class A season - 1st June to 31st March 
(reverting to class B at all other times)",Maldon DC,B014X,Bradwell,England
Production,Blackwater,Outer Blackwater,O. edulis,Seasonal A/B,"Class A season - 1st June to 31st March 
(reverting to class B at all other times)",Maldon DC,B014X,Bradwell,England
Production,Blackwater,Outer Blackwater,M. mercenaria,Seasonal A/B,"Class A season - 1st June to 31st March 
(reverting to class B at all other times)",Maldon DC,B014X,Bradwell,England
Production,Blackwater,Ray Channel,C. gigas,A,N/A,Maldon DC,B014Y,Ray Channel,England
Production,Blackwater,Ray Channel,O. edulis,A,N/A,Maldon DC,B014Y,Ray Channel,England
Production,Blackwater,Buxey Sands and Dengie Flats,C. edule,Seasonal A/B,"Class A season - 1st November – 31st July 
(reverting to class B at all other times)",Maldon DC,B14AA,Buxey Sands,England
Production,Blackwater,St Peter’s Flats,C. gigas,A,N/A,Maldon DC,B14AD,St Peters Flats South West,England
Production,Blakeney,Wells – The Pool,Mytilus spp.,B,N/A,North Norfolk DC,B006R,Wells - The Pool,England
Production,Brancaster,Brancaster,C. edule,B-LT,N/A,Kings Lynn and West Norfolk BC,B05AS,Norton Creek Mussels,England
Production,Brancaster,Brancaster,Mytilus spp.,B-LT,N/A,Kings Lynn and West Norfolk BC,B05AS,Norton Creek Mussels,England
Production,Brancaster,Brancaster,C. gigas,B-LT,N/A,Kings Lynn and West Norfolk BC,B05AT,Norton Creek Oysters,England
Production,Brixham,Brixham,Mytilus spp.,B-LT,N/A,Torbay BC,B082B,Fishcombe Cove SW Corner,England
Production,Brixham,Torquay Mussel Bed,Mytilus spp.,A,1,Torbay BC,B082C,Torquay Mussels NW,England
Production,Burry Inlet,Pwll,Mytilus spp.,B-LT,N/A,"Swansea C & CC, Carmarthenshire CC",B038G,Pwll,Wales
Production,Burry Inlet,"Southside: South East 4, Dalton's Point and South Mid",C. edule,Seasonal B/C,"Class B season  - 1 January - 31 May 
(reverting to class C at all other times)","Swansea C & CC, Carmarthenshire CC",B038I,South East 4,Wales
Production,Burry Inlet,Whiteford Point,Mytilus spp.,B,N/A,"Swansea C & CC, Carmarthenshire CC",B038L,Whiteford Point,Wales
Production,Burry Inlet,Whiteford Point,C. edule,B-LT,N/A,"Swansea C & CC, Carmarthenshire CC",B038T,Whiteford Point,Wales
Production,Burry Inlet,Northside: West,C. edule,B-LT,N/A,"Swansea C & CC, Carmarthenshire CC",B38AI,Burry Port,Wales
Production,Butley,Butley Oysterage,C. gigas,B-LT,N/A,Suffolk Coastal DC,B009E,Pumping Station Outfall,England
Production,Butley,Butley Oysterage,Mytilus spp.,C,1,Suffolk Coastal DC,B009F,Pumping Station Outfall,
Production,Camel,Gentle Jane,Mytilus spp.,B-LT,4,Cornwall PHA/Cornwall CC,B035B,Gentle Jane  ,England
Production,Camel,Longlands,C. gigas,B-LT,N/A,Cornwall PHA/Cornwall CC,B035I,Longlands,England
Production,Camel,Ball Hill,C. gigas,B-LT,N/A,Cornwall PHA/Cornwall CC,B035Q,Ball Hill Oyster B,England
Production,Camel,Ball Hill,Mytilus spp.,B-LT,N/A,Cornwall PHA/Cornwall CC,B035U,Ball Hill West,England
Production,Camel,Porthilly Rock,C. gigas,B-LT,N/A,Cornwall PHA/Cornwall CC,B35AC,Porthilley Rock B,England
Production,Camel,Gentle Jane,C. gigas,B-LT,N/A,Cornwall PHA/Cornwall CC,B35AD,Gentle Jane B,England
Production,Camel,Porthilly Cove,Mytilus spp.,B-LT,4,Cornwall PHA/Cornwall CC,B35AE,Porthilley Rock B,England
Production,Car y Mor,Carn ar Wig,Mytilus spp.,A,1,Pembrokeshire CC,B097A,Carn ar Wig,Wales
Production,Car y Mor,Porthllisky,Mytilus spp.,A,1,Pembrokeshire CC,B097D,Porthllisky,Wales
Production,Colne,Brightlingsea Creek Outer,C. gigas,B-LT,N/A,Tendring DC,B12AC,South Creek,England
Production,Colne,Brightlingsea Creek Outer,O. edulis,B-LT,N/A,Tendring DC,B12AC,South Creek,England
Production,Colne,Brightlingsea Creek Outer,M. mercenaria,B-LT,N/A,Tendring DC,B12AC,South Creek,England
Production,Colne,Brightlingsea Creek Inner,C. gigas,B-LT,N/A,Tendring DC,B12AD,Flag Creek,England
Production,Colne,Brightlingsea Creek Inner,O. edulis,B-LT,N/A,Tendring DC,B12AD,Flag Creek,England
Production,Colne,Brightlingsea Creek Inner,M. mercenaria,B-LT,N/A,Tendring DC,B12AD,Flag Creek,England
Production,Colne,Main Channel Central,C. gigas,B-LT,N/A,Colchester BC,B12AG,Brightlingsea Outfall,England
Production,Colne,Main Channel Central,M. mercenaria,B-LT,N/A,Colchester BC,B12AG,Brightlingsea Outfall,England
Production,Colne,Main Channel Central,O. edulis,B-LT,N/A,Colchester BC,B12AG,Brightlingsea Outfall,England
Production,Colne,Pyefleet Channel,C. gigas,A,N/A,Colchester BC,B12AK,Pyefleet Channel,England
Production,Colne,Pyefleet Channel,O. edulis,A,N/A,Colchester BC,B12AK,Pyefleet Channel,England
Production,Colne,Pyefleet Channel,C. edule,B-LT,N/A,Colchester BC,B12AM,Pyefleet Channel,England
Production,Colne,Main Channel Central,Tapes spp.,B,N/A,Colchester BC,B12AQ,Brightlingsea Outfall,England
Production,Colne,Main Channel Outer,C. gigas,B-LT,N/A,Colchester BC,B12AR,Off Point Clear Bay,England
Production,Colne,Main Channel Outer,O. edulis,B-LT,N/A,Colchester BC,B12AR,Off Point Clear Bay,England
Production,Conwy,Conwy Bridge,Mytilus spp.,B-LT,4,Conwy CBC,B044T,Conwy Bridge,Wales
Production,Conwy,"Morfa, Gamlwys & Green Island",Mytilus spp.,B-LT,N/A,Conwy CBC,B044U,Conwy East,Wales
Production,Conwy,Cae Conwy & Scabs,Mytilus spp.,B-LT,N/A,Conwy CBC,B044V,Conwy West,Wales
Production,Crouch,Easter Reach,Mytilus spp.,B-LT,N/A,Maldon DC & London PHA,B015O,Purleigh Shawl,England
Production,Crouch,Brandy Hole,C. gigas,B-LT,N/A,Maldon DC & London PHA,B015T,Brandy Hole,England
Production,Crouch,Fambridge,M. mercenaria,B-LT,N/A,Maldon DC & London PHA,B015U,Clementsgreen Creek,England
Production,Crouch,Easter Reach,M. mercenaria,Seasonal A/B,"Class A season - 1st November – 30th June 
(reverting to class B at all other times)",Maldon DC & London PHA,B015W,Purleigh Shawl,England
Production,Crouch,Easter Reach,Tapes spp.,C,1,Maldon DC & London PHA,B015X,Purleigh Shawl ,England
Production,Crouch,Bridgemarsh,C. gigas,B-LT,N/A,Maldon DC & London PHA,B015Y,Althorne,England
Production,Crouch,Bridgemarsh,M. mercenaria,B-LT,N/A,Maldon DC & London PHA,B015Y,Althorne,England
Production,Crouch,Bridgemarsh,Mytilus spp.,B-LT,N/A,Maldon DC & London PHA,B015Y,Althorne,England
Production,Crouch,Bridgemarsh,O. edulis,B-LT,N/A,Maldon DC & London PHA,B015Y,Althorne,England
Production,Crouch,Easter Reach,C. gigas,B-LT,N/A,Maldon DC & London PHA,B015Z,Purleigh Shawl,England
Production,Crouch,Fambridge,C. gigas,B-LT,N/A,Maldon DC & London PHA,B15AA,Clementsgreen Creek,England
Production,Crouch,Outer Crouch,O. edulis,B-LT,N/A,Maldon DC & London PHA,B15AC,Outer Crouch,England
Production,Dart,Waddeton,C. gigas,B-LT,N/A,South Hams DC,B028B,Waddeton,England
Production,Dart,Higher Gurrow Point,C. gigas,B-LT,N/A,South Hams DC,B028J,Higher Gurrow Point,England
Production,Dart,Long Wood,C. gigas,B-LT,N/A,South Hams DC,B028P,Long Wood South,England
Production,Dee,Salisbury,C. edule,A,N/A,Flintshire CC & Wirral BC,B45AB,Salisbury Cockles,Wales
Production,Dee,Salisbury,Mytilus spp.,A,N/A,Flintshire CC & Wirral BC,B45AB,Salisbury Cockles,Wales
Production,Dee,Salisbury Middle,Mytilus spp.,A,N/A,Flintshire CC ,B45AB,Salisbury Cockles,Wales
Production,Dee,Salisbury Middle,C. edule,A,N/A,Flintshire CC & Wirral BC,B45AB,Salisbury Cockles,Wales
Production,Dee,Caldy Blacks,C. edule,B-LT,N/A,Flintshire CC & Wirral BC,B45AD,Thurstaston,England
Production,Dee,Caldy Blacks,Mytilus spp.,B-LT,N/A,Flintshire CC & Wirral BC,B45AD,Thurstaston,England
Production,Dee,Thurstaston,C. edule,B-LT,N/A,Flintshire CC & Wirral BC,B45AD,Thurstaston,England
Production,Dee,Thurstaston,Mytilus spp.,B-LT,N/A,Flintshire CC & Wirral BC,B45AD,Thurstaston,England
Production,Dee,West Kirby,C. edule,B-LT,N/A,Flintshire CC & Wirral BC,B45AE,West Kirkby Cockles,England
Production,Dee,West Kirby,Mytilus spp.,B-LT,N/A,Flintshire CC & Wirral BC,B45AE,West Kirkby Cockles,England
Production,Exe,Exe Approaches,Mytilus spp.,B-LT,N/A,Teignbridge DC and East Devon DC,B26AT,Beacon Point,England
Production,Exe,Starcross to Powderham,Mytilus spp.,B,4,Teignbridge DC and East Devon DC,B26BC,River Kenn,England
Production,Exe,Starcross to Powderham,C. gigas,B,4,Teignbridge DC and East Devon DC,B26BC,River Kenn,England
Production,Exe,Starcross to Powderham,O. edulis,B,4,Teignbridge DC and East Devon DC,B26BC,River Kenn,England
Production,Exe,Dawlish to Starcross,C. gigas,B-LT,N/A,Teignbridge DC and East Devon DC,B26BH,Cockwood Harbour,England
Production,Exe,Dawlish to Starcross,Mytilus spp.,B-LT,N/A,Teignbridge DC and East Devon DC,B26BH,Cockwood Harbour,England
Production,Exe,Lympstone ,C. gigas,B,N/A,Teignbridge DC and East Devon DC,B26BK,Lympstone,England
Production,Exe,Lympstone ,O. edulis,B,N/A,Teignbridge DC and East Devon DC,B26BK,Lympstone,England
Production,Fal (Lower),Parsons Bank,O. edulis,B-LT,N/A,Cornwall PHA,B033L,Parsons Bank,England
Production,Fal (Lower),Parsons Bank,C. gigas,B-LT,N/A,Cornwall PHA,B033L,Parsons Bank,England
Production,Fal (Lower),Mylor Creek,O. edulis,B-LT,N/A,Cornwall PHA,B033N,Mylor Creek,England
Production,Fal (Lower),Mylor Creek,C. gigas,B-LT,N/A,Cornwall PHA,B033N,Mylor Creek,England
Production,Fal (Lower),Mylor Creek,Mytilus spp.,B-LT,N/A,Cornwall PHA,B33AN,Mylor Creek,England
Production,Fal (Lower),Restronguet Creek,O. edulis,Seasonal A/B,"Class A season - 1st December – 31st May 
(reverting to class B at all other times) ",Cornwall PHA,B33BE,Restronguet Creek  ,England
Production,Fal (Lower),Restronguet Creek,C. gigas,Seasonal A/B,"Class A season - 1st December – 31st May 
(reverting to class B at all other times) ",Cornwall PHA,B33BE,Restronguet Creek  ,England
Production,Fal (Lower),Mylor Bank,O. edulis,B-LT,N/A,Cornwall PHA,B33BG,Mylor Pool,England
Production,Fal (Lower),Mylor Bank,C. gigas,B-LT,N/A,Cornwall PHA,B33BG,Mylor Pool,England
Production,Fal (Lower),St. Just,Mytilus spp.,Seasonal A,1 February - 31 July (reverting to class B at all other times) ,Cornwall PHA,B33BK,St. Just,England
Production,Fal (Lower),East Bank,O. edulis,Seasonal A/B,"Class A season - 1st February– 30th September
(reverting to class B at all other times)",Cornwall PHA,B33BM,East Bank North,England
Production,Fal (Lower),East Bank,C. gigas,Seasonal A/B,"Class A season - 1st February– 30th September
(reverting to class B at all other times)",Cornwall PHA,B33BM,East Bank North,England
Production,Fal (Lower),Restronguet Creek,Mytilus spp.,B-LT,N/A,Cornwall PHA,B33BN,Restronguet Creek Mussels,England
Production,Fal (Lower),East Bank Mussels,Mytilus spp.,B-LT,N/A,Cornwall PHA,B33BQ,East Bank North,England
Production,Fal (Lower),East Bank, M. varia,B,N/A,Cornwall PHA,B33BW,East Bank North,England
Production,Fal (Lower),Mylor Bank, M. varia,B,N/A,Cornwall PHA,B33BX,Mylor Pool,England
Production,Fal (Lower),Upper Flushing,O. edulis,B,1,Cornwall PHA,B33CC,Upper Flushing (O.ed),England
Production,Fal (Lower),Lower Flushing,O. edulis,B ,1,Cornwall PHA,B33CF,Lower Flushing (O.ed),England
Production,Fal (Upper),Grimes Bar,O. edulis,B-LT,4,Cornwall PHA,B033E,Grimes Bar,England
Production,Fal (Upper),Grimes Bar,C. gigas,B-LT,4,Cornwall PHA,B033E,Grimes Bar,England
Production,Fal (Upper),Maggoty Bank,O. edulis,B-LT,N/A,Cornwall PHA,B033F,Maggoty Bank,England
Production,Fal (Upper),Maggoty Bank,C. gigas,B-LT,N/A,Cornwall PHA,B033F,Maggoty Bank,England
Production,Fal (Upper),Tolverne,O. edulis,B-LT,N/A,Cornwall PHA,B033H,Tolverne,England
Production,Fal (Upper),Tolverne,C. gigas,B-LT,N/A,Cornwall PHA,B033H,Tolverne,England
Production,Fal (Upper),Coombe Creek,O. edulis,B-LT,N/A,Cornwall PHA,B033V,Coombe Creek,England
Production,Fal (Upper),Coombe Creek,C. gigas,B-LT,N/A,Cornwall PHA,B033V,Coombe Creek,England
Production,Fal (Upper),Ruan Pontoon/ Tregothnan,Mytilus spp.,B-LT,N/A,Cornwall PHA,B033Y,R Pontoon/Tregothnan,England
Production,Fal (Upper),King Harry Reach mussel lines,Mytilus spp.,B-LT,N/A,Cornwall PHA,B33BD,Trelissick Pontoon,England
Production,Fal (Upper),Turnaware Bar,O. edulis,B-LT,N/A,Cornwall PHA,B33BF,Turnaware Bar,England
Production,Fal (Upper),Turnaware Bar,C. gigas,B-LT,N/A,Cornwall PHA,B33BF,Turnaware Bar,England
Production,Fal (Upper),King Harry Reach,O. edulis,B-LT,N/A,Cornwall PHA,B33BI,King Harry Ferry,England
Production,Fal (Upper),King Harry Reach,C. gigas,B-LT,N/A,Cornwall PHA,B33BI,King Harry Ferry,England
Production,Fal (Upper),Tolverne,Mytilus spp.,B,N/A,Cornwall PHA,B33BP,Tolverne,England
Production,Fal (Upper),King Harry Reach,M. varia,B,N/A,Cornwall PHA,B33CA,South Wood,England
Production,Helford,Porth Navas Quay,O. edulis,B-LT,N/A,Cornwall PHA,B034W,Porth Navas Quay,England
Production,Helford,Porth Navas Quay,C. gigas,B-LT,N/A,Cornwall PHA,B034W,Porth Navas Quay,England
Production,Helford,East of Groyne Point,O. edulis,B,N/A,Cornwall PHA,B34AE,East of Groyne Point,England
Production,Helford,East of Groyne Point,C. gigas,B,N/A,Cornwall PHA,B34AE,East of Groyne Point,England
Production,Helford,South of Porth Navas Bar,O. edulis,B,N/A,Cornwall PHA,B34AH,Pedn Billy,England
Production,Helford,South of Porth Navas Bar,C. gigas,B,N/A,Cornwall PHA,B34AH,Pedn Billy,England
Production,Holy Island,Ross Links - R9,C. gigas,Seasonal A/B,"Class A season - 1st November – 31st July 
(reverting to class B at all other times)",Northumberland CC,B001M,Ross and Outchester,England
Production,Langstone Harbour,South East Langstone Harbour,M. mercenaria,B-LT,N/A,Portsmouth PHA,B019I,Stoke Common Lake,England
Production,Langstone Harbour,Langstone Channel,O. edulis,B,N/A,Portsmouth PHA,B019L,Langstone Channel,England
Production,Langstone Harbour,Langstone Channel,C. gigas,B,N/A,Portsmouth PHA,B019L,Langstone Channel,England
Production,Lantivet Bay,Lantivet Bay,Ensis spp.,B,N/A,Cornwall PHA,B70AI,Sandheap Point,England
Production,Liverpool Bay,Leasowe and New Brighton,C. edule,B-LT,N/A,Mersey PHA,B058R,Harrison Drive East,England
Production,Lune,Pilling Sands,C. edule,B,4,Wyre BC,B066W,Pilling Sands East,England
Production,Lune,Wyre Estuary,Mytilus spp.,B,N/A,Wyre BC,B066Y,Sea Centre South,England
Production,Lune,Wyre Approaches,Mytilus spp.,B,N/A,Wyre BC,B066Z,Knott Spit,England
Production,Lyme Bay,Site 1,Mytilus spp.,A,N/A,Torbay BC,B090M,Site 1 Pilot West (Top),England
Production,Lyme Bay,Site 2,Mytilus spp.,A,N/A,Torbay BC,B090P,Site 1 Pilot West (Bottom),England
Production,Menai Straits - East,Area A,Mytilus spp.,B-LT,N/A,Ynys Mon CC,B055R,Craig-y-Don,Wales
Production,Menai Straits - East,Area 1,Mytilus spp.,B-LT,N/A,Gwynedd CC,B055S,West of Bangor Pier,Wales
Production,Menai Straits - East,Areas 2 & B,Mytilus spp.,Seasonal A/B,"Class A season - 1st October to 30th April 
(reverting to class B at all other times)
4",Gwynedd CC,B055T,Cegin Channel,Wales
Production,Menai Straits - East,Areas 3 & 4,Mytilus spp.,B-LT,N/A,Ynys Mon CC,B055U,Gallows Point,Wales
Production,Menai Straits - East,Areas 5 & B,Mytilus spp.,B-LT,N/A,Gwynedd CC,B055V,Ogwen Channel,Wales
Production,Menai Straits - East,Area 6,Mytilus spp.,B-LT,N/A,Ynys Mon CC,B055W,Beaumaris East,Wales
Production,Menai Straits - East,Lavan East,C. edule,B-LT,N/A,Conwy CBC,B055X,Lavan Sands East,Wales
Production,Menai Straits - East,Lavan West,C. edule,B-LT,N/A,Gwynedd CC,B055Y,Lavan Sands West,Wales
Production,Menai Straits - West,Abermenai,Mytilus spp.,B-LT,N/A,Ynys Mon CC,B042C,Traerg Melynog,Wales
Production,Menai Straits - West,Traeth Melynog,C. edule,B-LT,N/A,Ynys Mon CC,B042C,Traerg Melynog,Wales
Production,Menai Straits - West,Barras,Mytilus spp.,B-LT,N/A,Ynys Mon CC,B042L,Barras Boat House,Wales
Production,Menai Straits - West,Barras,C. gigas,B-LT,N/A,Ynys Mon CC,B042L,Barras Boat House,Wales
Production,Menai Straits - West,Llanfairisgaer,Mytilus spp.,B-LT,N/A,Gwynedd CC,B042O,Area 11 East,Wales
Production,Mevagissey Bay,South Mevagissey,Mytilus spp.,A,N/A,Cornwall PHA,B70AK,South Mevagissey Bottom,England
Production,Mevagissey Bay,Pentewan,Ensis spp.,B,N/A,Cornwall PHA,B70AM,Pentewan,England
Production,Milford Haven,Tethys,O. edulis,A,N/A,Pembrokeshire CC,B39CZ,Tethys Oysters,Wales
Production,Milford Haven,Tethys,C. gigas,A,N/A,Pembrokeshire CC,B39CZ,Tethys Oysters,Wales
Production,Morecambe Bay - Barrow,Foulney,Mytilus spp.,Seasonal A/B,"Class A season - 1st March to 31st May 
(reverting to class B at all other times)",Barrow-in-Furness BC,B077R,Foulney,England
Production,Morecambe Bay - Roosebeck,Newbiggin,C. edule,B,N/A,"South Lakeland DC, Barrow-in-Furness BC",B48AE,Newbiggin,England
Production,Morecambe Bay - Roosebeck,Roosebeck,C. gigas,Seasonal A/B,"Class A season - 1st January – 30th June 
(reverting to class B at all other times)","South Lakeland DC, Barrow-in-Furness BC",B48AX,Roosebeck North,England
Production,Morecambe Bay - Roosebeck,Central West,C. edule,B-LT,N/A,"South Lakeland DC, Barrow-in-Furness BC",B48AY,Eea Channel,England
Production,Morecambe Bay - Roosebeck,Central East,C. edule,Seasonal A/B,"Class A season - 1st January – 31st May 
(reverting to Class B at all other times)","South Lakeland DC, Barrow-in-Furness BC",B48AZ,Hymphrey Head,England
Production,North Kent Coast,Kentish Flats,O. edulis,A,N/A,Canterbury CC,B17AL,Btwn Leysdown & Spaniard,England
Production,North Kent Coast,Westbeach,C. gigas,B-LT,N/A,Canterbury CC,B17BS,WOCO Westbeach,England
Production,North Kent Coast,Westbeach,O. edulis,B-LT,N/A,Canterbury CC,B17BS,WOCO Westbeach,England
Production,North Kent Coast,Whitstable Bay,O. edulis,B-LT,N/A,Canterbury CC,B17CN,Whitstable Bay,England
Production,North Kent Coast,Pollard,C. edule,B-LT,N/A,Canterbury CC,B17CP,South Oaze,England
Production,North Kent Coast,Pollard,Tapes spp.,B-LT,N/A,Canterbury CC,B17CP,South Oaze,England
Production,North Kent Coast,South Oaze,C. gigas,B-LT,N/A,Canterbury CC,B17CP,South Oaze,England
Production,North Kent Coast,South Oaze,Mytilus spp.,B-LT,N/A,Canterbury CC,B17CP,South Oaze,England
Production,North Kent Coast,South Oaze,O. edulis,B-LT,N/A,Canterbury CC,B17CP,South Oaze,England
Production,North Kent Coast,Swale Entrance,C. edule,B-LT,N/A,Canterbury CC,B17CP,South Oaze,England
Production,North Kent Coast,North Margate Sand and Pan Sands (TECFO Area 15),C. edule,B,N/A,Canterbury CC,B71CO,N. Margate and Pan Sand TECFO 15 (modified),England
Production,Percuil,All Beds,C. gigas,B-LT,N/A,Cornwall PHA,B033R,Percuil,England
Production,Percuil,All Beds,O. edulis,B-LT,N/A,Cornwall PHA,B033R,Percuil,England
Production,Poole Harbour,Poole Harbour North,C. edule,B-LT,N/A,Poole BC,B054P,Hamworthy,England
Production,Poole Harbour,Poole Harbour North,Mytilus spp.,B-LT,N/A,Poole BC,B054P,Hamworthy,England
Production,Poole Harbour,Poole Harbour North,Tapes spp.,B-LT,N/A,Poole BC,B054P,Hamworthy,England
Production,Poole Harbour,Poole Harbour North,M. mercenaria,B-LT,N/A,Poole BC,B054P,Hamworthy,England
Production,Poole Harbour,West Brownsea Oysters,C. gigas,Seasonal A/B,"Class A season - 1st June – 30th September 
(reverting to class B at all other times)",Poole BC,B54BL,West Brownsea 1,England
Production,Poole Harbour,West Brownsea Oysters,O. edulis,Seasonal A/B,"Class A season - 1st June – 30th September 
(reverting to class B at all other times)",Poole BC,B54BL,West Brownsea 1,England
Production,Poole Harbour,Wych Lake,C. edule,B-LT,N/A,Poole BC,B54BM,Round Island,England
Production,Poole Harbour,Wych Lake,Tapes spp.,B-LT,N/A,Poole BC,B54BM,Round Island,England
Production,Poole Harbour,Wych Lake,M. mercenaria,B-LT,N/A,Poole BC,B54BM,Round Island,England
Production,Poole Harbour,Rockley,C. edule,B,N/A,Poole BC,B54BR,Rockley,England
Production,Poole Harbour,Rockley,Mytilus spp.,B,N/A,Poole BC,B54BR,Rockley,England
Production,Poole Harbour,Rockley,Tapes spp.,B,N/A,Poole BC,B54BR,Rockley,England
Production,Poole Harbour,Rockley,M. mercenaria,B,N/A,Poole BC,B54BR,Rockley,England
Production,Poole Harbour,Wareham Channel,C. edule,B-LT,N/A,Poole BC,B54BS,Barrel 'O',England
Production,Poole Harbour,Wareham Channel,Tapes spp.,B-LT,N/A,Poole BC,B54BS,Barrel 'O',England
Production,Poole Harbour,Wareham Channel,Mytilus spp.,B-LT,N/A,Poole BC,B54BS,Barrel 'O',England
Production,Poole Harbour,Wareham Channel,M. mercenaria,B-LT,N/A,Poole BC,B54BS,Barrel 'O',England
Production,Poole Harbour,SW Brownsea Island,C. gigas,A,N/A,Poole BC,B54CK,West Brownsea 3 (W. Cardinal),England
Production,Poole Harbour,SW Brownsea Island,O. edulis,A,N/A,Poole BC,B54CK,West Brownsea 3 (W. Cardinal),England
Production,Poole Harbour,SW Brownsea Island,C. edule,Seasonal A/B,"Class A season - 1st April – 30th September 
(reverting to class B at all other times)",Poole BC,B54CL,West Brownsea 3 (W. Cardinal),England
Production,Poole Harbour,SW Brownsea Island,Tapes spp.,Seasonal A/B,"Class A season - 1st April – 30th September 
(reverting to class B at all other times)",Poole BC,B54CL,West Brownsea 3 (W. Cardinal),England
Production,Poole Harbour,SW Brownsea Island,M. mercenaria,Seasonal A/B,"Class A season - 1st April – 30th September 
(reverting to class B at all other times)",Poole BC,B54CL,West Brownsea 3 (W. Cardinal),England
Production,Poole Harbour,SW Brownsea Island,Mytilus spp.,Seasonal A/B,"Class A season - 1st April – 30th September 
(reverting to class B at all other times)",Poole BC,B54CL,West Brownsea 3 (W. Cardinal),England
Production,Poole Harbour,Whitley Lake (revised zone),Tapes spp.,B-LT,N/A,Poole BC,B54CP,Whitley Lake,England
Production,Poole Harbour,Whitley Lake (revised zone),C. edule,B-LT,N/A,Poole BC,B54CP,Whitley Lake,England
Production,Poole Harbour,Whitley Lake (revised zone),M. mercenaria,B-LT,N/A,Poole BC,B54CP,Whitley Lake,England
Production,Poole Harbour,Brands Bay,C. edule,A,N/A,Poole BC,B54CX,Redhorn Quay,England
Production,Poole Harbour,Brands Bay,Tapes spp.,A,N/A,Poole BC,B54CX,Redhorn Quay,England
Production,Poole Harbour,Brands Bay,M. mercenaria,A,N/A,Poole BC,B54CX,Redhorn Quay,England
Production,Porthallow,Porthallow Cove North,Mytilus spp.,A,N/A,Cornwall PHA,B34AA,Porthallow North,England
Production,Portsmouth Harbour,East Harbour,M. mercenaria,B-LT,N/A,Portsmouth PHA,B020H,Paulsgrove,England
Production,Portsmouth Harbour,West Harbour,M. mercenaria,B-LT,N/A,Portsmouth PHA,B020R,Fareham Lake,England
Production,Portsmouth Harbour,West Harbour,O. edulis,B-LT,N/A,Portsmouth PHA,B020R,Fareham Lake,England
Production,Portsmouth Harbour,West Harbour,C. gigas,B-LT,N/A,Portsmouth PHA,B020R,Fareham Lake,England
Production,Portsmouth Harbour,Fareham Lake,M. mercenaria,B,4,Portsmouth PHA,B020S,Fareham Lake North,England
Production,Portsmouth Harbour,East Harbour,O. edulis,B-LT,N/A,Portsmouth PHA,B020W,Paulsgrove,England
Production,Portsmouth Harbour,East Harbour,C. gigas,B-LT,N/A,Portsmouth PHA,B020W,Paulsgrove,England
Production,Ribble,Ribble Walls North,Mytilus spp.,B,N/A,West Lancashire DC,B046C,Ribble Walls North,England
Production,Ribble,Penfold South,C. edule,C,1,West Lancashire DC,B046M,Penfold South,England
Production,Ribble,Penfold North,C. edule,C,1,West Lancashire DC,B46AA,Penfold North,England
Production,Roach,Paglesham Pool,C. gigas,Seasonal A,1 December - 31 August (reverting to class B at all other times) ,London PHA,B73AC,Pagelsham Pool,England
Production,Roach,Middleway,C. gigas,A,N/A,London PHA,B73AI,Rushey Island,England
Production,Roach,Middleway,M. mercenaria,A,N/A,London PHA,B73AI,Rushey Island,England
Production,Roach,Middleway,O. edulis,A,N/A,London PHA,B73AI,Rushey Island,England
Production,Roach,Inner Roach,O. edulis,B,4,London PHA,B73AJ,Barton Hall,England
Production,Roach,Inner Roach,C. gigas,B,4,London PHA,B73AJ,Barton Hall,England
Production,Roach,Inner Roach,M. mercenaria,B,4,London PHA,B73AJ,Barton Hall,England
Production,Roach,Barlinghall Creek,C. gigas,B,4,London PHA,B73AK,Barling Hall,England
Production,Roach,Barlinghall Creek,M. mercenaria,B,4,London PHA,B73AK,Barling Hall,England
Production,Roach,Barlinghall Creek,O. edulis,B,4,London PHA,B73AK,Barling Hall,England
Production,Roach,Paglesham Reach,C. gigas,A,N/A,London PHA,B73AL,Paglesham,England
Production,Roach,Paglesham Reach,M. mercenaria,A,N/A,London PHA,B73AL,Paglesham,England
Production,Roach,Paglesham Reach,O. edulis,A,N/A,London PHA,B73AL,Paglesham,England
Production,Solent,Chilling to Gilkicker Point,M. mercenaria,B-LT,N/A,"Southampton PHA, Isle of Wight Council",B24BK,Browndown,England
Production,Solent,Chilling to Gilkicker Point,O. edulis,B-LT,N/A,"Southampton PHA, Isle of Wight Council",B24BK,Browndown,England
Production,Solent,Ryde Middle & Sturbridge,O. edulis,B,N/A,"Southampton PHA, Isle of Wight Council",B24BM,Sturbridge,England
Production,Southampton Water,Near Netley,Tapes spp.,C,N/A,Southampton PHA ,B021U,Near Netley Castle,England
Production,Southampton Water,Hythe,Tapes spp.,C,N/A,Southampton PHA ,B021V,Hythe Knock,England
Production,Southampton Water,Bird Pile,Tapes spp.,C,N/A,Southampton PHA ,B021W,Bird Pile,England
Production,Southampton Water,Bird Pile,M. mercenaria,C,N/A,Southampton PHA ,B021W,Bird Pile,England
Production,Southampton Water,Hamble Estuary,M. mercenaria,B-LT,N/A,Southampton PHA ,B021Y,Hamble Estuary,England
Production,Southampton Water,Hamble Estuary,O. edulis,B-LT,N/A,Southampton PHA ,B021Y,Hamble Estuary,England
Production,Southampton Water,Hamble Estuary,C. gigas,B-LT,N/A,Southampton PHA ,B021Y,Hamble Estuary,England
Production,Southampton Water,Southampton Water – Off Fawley,M. mercenaria,B-LT,N/A,Southampton PHA ,B021Z,Off Fawley,England
Production,Southampton Water,Southampton Water – Off Fawley,O. edulis,B-LT,N/A,Southampton PHA ,B021Z,Off Fawley,England
Production,Southampton Water,Weston Shelf,Tapes spp.,C,N/A,Southampton PHA ,B21AE,Weston Shelf,England
Production,Southampton Water,Hamble Estuary,Tapes spp.,B,4,Southampton PHA ,B21AT,Hamble Estuary,England
Production,Southampton Water,Southampton Water – Off Fawley,Tapes spp.,B ,1,Southampton PHA ,B21AU,Off Fawley,England
Production,St Austell Bay,Ropehaven Outer,Ensis spp.,A,N/A,Cornwall PHA,B070AE,Ropehaven Outer (NE Corner),England
Production,St Austell Bay,Ropehaven Outer,Mytilus spp.,A,N/A,Cornwall PHA,B070AE,Ropehaven Outer (NE Corner),England
Production,St Austell Bay,Ropehaven,Mytilus spp.,Seasonal A/B,"Class A season - 1st June – 31st Janaury 
(reverting to class B at all other times)",Cornwall PHA,B070W,St Austell,England
Production,St Austell Bay,Landrion Point to Gerrans Point,Ensis spp.,B,N/A,Cornwall PHA,B70AO,Landrion Point to Gerrans Point,England
Production,Start Bay,Off Strete,S. solida,B-LT,N/A,South Hams DC,B087I,Off Strete,England
Production,Swale,Swale Inner,C. gigas,B-LT,N/A,Swale BC and London PHA,B076N,North of Fowley Island,England
Production,Swale,Swale Causeway,C. gigas,B-LT,N/A,Swale BC and London PHA,B076P,The Causeway,England
Production,Swale,Swale Causeway,O. edulis,B-LT,N/A,Swale BC and London PHA,B076P,The Causeway,England
Production,Swale,Swale Outer,C. gigas,B-LT,N/A,Swale BC and London PHA,B076Q,Graveney Marshes,England
Production,Swale,Swale Outer,C. edule,C,4,Swale BC and London PHA,B076V,Cleve Marsh,England
Production,Taw/Torridge,Coolstone,Mytilus spp.,B-LT,4,Torridge DC and North Devon DC,B036F,Coolstone,England
Production,Taw/Torridge,Outer Estuary (main beds),Mytilus spp.,B-LT,N/A,Torridge DC and North Devon DC,B036V,Neck Gut 1,England
Production,Taw/Torridge,Power Station,Mytilus spp.,B ,N/A,Torridge DC and North Devon DC,B36AA,Under Power Station Jetty,England
Production,Taw/Torridge,Lifeboat Slip,Mytilus spp.,B-LT,4,Torridge DC and North Devon DC,B36AC,Appledore,England
Production,Taw/Torridge,Zeta Berth,C. gigas,B-LT,N/A,Torridge DC and North Devon DC,B36AD,Zeta Berth,England
Production,Teign,Gas Works,Mytilus spp.,B-LT,N/A,Teignbridge DC  ,B27AC,Gas Works East,England
Production,Teign,Gas Works 2,C. gigas,Seasonal B/C,"Class B season - 1st February – 30th September 
(reverting to class C at all other times)",Teignbridge DC  ,B27AH,Gas Works Bank 2,England
Production,Teign,Labrador Bay,Mytilus spp.,B,1,Teignbridge DC  ,B27AI,Labrador Bay,England
Production,Thames Estuary,"East Cant, Middle and
Red Sand – TECFO Area 11",O. edulis,B-LT,,London PHA,B016R,Sheppey Barton Point,England
Production,Thames Estuary,"East Cant, Middle and
Red Sand – TECFO Area 11",C. edule,Preliminary - C,N/A,London PHA,B016R,Sheppey Barton Point,England
Production,Thames Estuary,North Sheppey,O. edulis,B-LT,,London PHA,B016R,Sheppey Barton Point,England
Production,Thames Estuary,North Sheppey,Mytilus spp.,B-LT,N/A,London PHA,B016R,Sheppey Barton Point,England
Production,Thames Estuary,"West Cant and
Scrapsgate – TECFO Area 13 (modified)",O. edulis,B-LT,,London PHA,B016R,Sheppey Barton Point,England
Production,Thames Estuary,"West Cant and
Scrapsgate – TECFO Area 13 (modified)",C. edule,B-LT,N/A,London PHA,B016R,Sheppey Barton Point,England
Production,Thames Estuary,Leigh Foreshore,C. edule,C,N/A,London PHA,B16AH,Leigh Foreshore,England
Production,Thames Estuary,Leigh Foreshore,Mytilus spp.,C,N/A,London PHA,B16AH,Leigh Foreshore,England
Production,Thames Estuary,Southend Flats,Mytilus spp.,B,4,London PHA,B16AX,Southend Leisure Centre,England
Production,Thames Estuary,Southend Flats,C. edule,B,4,London PHA,B16AX,Southend Leisure Centre,England
Production,Thames Estuary,Phoenix,C. edule,A,N/A,London PHA,B16BR,Phoenix,England
Production,Thames Estuary,West of Southend Pier,C. gigas,B-LT,N/A,London PHA,B16BS,West of Southend Pier,England
Production,Thames Estuary,East of Southend Pier,C. gigas,B-LT,N/A,London PHA,B16CK,East of Southend Pier,England
Production,Thames Estuary,Maplin West,C. edule,A,N/A,London PHA,B16CL,East of Shoebury Buoy,England
Production,Thames Estuary,Maplin Central,C. edule,A,N/A,London PHA,B16CM,East of Havengore Creek,England
Production,Thames Estuary,Barrows (Zone 12),C. edule,Seasonal A/B,"Class A season - 1st June – 31st October 
(reverting to class B at all other times)",London PHA,B16CN,Crouch Approaches,England
Production,Thames Estuary,East Barrows,C. edule,Seasonal A/B,"Class A season - 1st June – 31st October 
(reverting to class B at all other times)",London PHA,B16CN,Crouch Approaches,England
Production,Thames Estuary,Maplin East,C. edule,Seasonal A/B,"Class A season - 1st June – 31st October 
(reverting to class B at all other times)",London PHA,B16CN,Crouch Approaches,England
Production,Thames Estuary,Maplin East,Tapes spp.,Seasonal A/B,"Class A season - 1st June – 31st October 
(reverting to class B at all other times)",London PHA,B16CN,Crouch Approaches,England
Production,Thames Estuary,West Barrows (Zone 9),C. edule,Seasonal A/B,"Class A season - 1st June – 31st October 
(reverting to class B at all other times)",London PHA,B16CN,Crouch Approaches,England
Production,Thames Estuary,Barrow Deep,O. edulis,A,N/A,London PHA,B16CO,Barrow Deep,England
Production,Thames Estuary,Black Deep,Ensis spp.,A,N/A,London PHA,B16CP,Black Deep,England
Production,The Fleet,Fleet Oyster Farm,C. gigas,B-LT,N/A,Dorset Council,B25AI,Fleet Oysters,England
Production,The Wash,Welland and Witham Inner,Mytilus spp.,B-LT,N/A,"Boston BC, Kings Lynn & West Norfolk BC, Fenland DC",B003M,Welland Wall,England
Production,The Wash,"Mare Tail, Gat and Toft",Mytilus spp.,B-LT,N/A,"Boston BC, Kings Lynn & West Norfolk BC, Fenland DC",B003V,Toft,England
Production,The Wash,Freiston to Wainfleet,C. edule,B-LT,N/A,"Boston BC, Kings Lynn & West Norfolk BC, Fenland DC",B003X,North Lays,England
Production,The Wash,Heacham & Hunstanton,Mytilus spp.,B-LT,N/A,"Boston BC, Kings Lynn & West Norfolk BC, Fenland DC",B004L,Hunstanton Holmeside,England
Production,The Wash,Nene Mouth,Mytilus spp.,B-LT,N/A,"Boston BC, Kings Lynn & West Norfolk BC, Fenland DC",B04AL,Nene Mouth,England
Production,The Wash,Nene Mouth,C. edule,B-LT,N/A,"Boston BC, Kings Lynn & West Norfolk BC, Fenland DC",B04AL,Nene Mouth,England
Production,The Wash,Ouse Mouth,Mytilus spp.,B-LT,N/A,"Boston BC, Kings Lynn & West Norfolk BC, Fenland DC",B04AM,Ouse Mouth,England
Production,The Wash,Ouse Mouth,C. edule,B-LT,N/A,"Boston BC, Kings Lynn & West Norfolk BC, Fenland DC",B04AM,Ouse Mouth,England
Production,The Wash,Welland and Witham Outer,Mytilus spp.,B-LT,N/A,"Boston BC, Kings Lynn & West Norfolk BC, Fenland DC",B04AO,Black Buoy,England
Production,The Wash,Welland and Witham Outer,C. edule,B-LT,N/A,"Boston BC, Kings Lynn & West Norfolk BC, Fenland DC",B04AO,Black Buoy,England
Production,The Wash,Heacham & Hunstanton,C. edule,B-LT,N/A,"Boston BC, Kings Lynn & West Norfolk BC, Fenland DC",B04AP,Stubborn Sand,England
Production,Three Rivers,Tywi,C. edule,B,N/A,Carmarthenshire CC,B071B,Wharley Point,Wales
Production,Three Rivers,Taf,C. edule,C,N/A,Carmarthenshire CC,B071L,Laugharne,Wales
Production,Three Rivers,Gwendraeth,C. edule,B-LT,N/A,Carmarthenshire CC,B071O,Pastoun Scar,Wales
Production,West Mersea,Tollesbury North,C. gigas,B-LT,N/A,Colchester BC and Maldon,B013V,Tollesbury North,England
Production,West Mersea,Tollesbury North,O. edulis,B-LT,N/A,Colchester BC and Maldon,B013V,Tollesbury North,England
Production,West Mersea,Tollesbury North,M. mercenaria,B-LT,N/A,Colchester BC and Maldon,B013V,Tollesbury North,England
Production,West Mersea,Ray Creek,C. gigas,B-LT,N/A,Colchester BC and Maldon,B013Y,Ray Creek,England
Production,West Mersea,Ray Creek,O. edulis,B-LT,N/A,Colchester BC and Maldon,B013Y,Ray Creek,England
Production,West Mersea,Strood Channel,C. gigas,B-LT,N/A,Colchester BC and Maldon,B013Z,The Hard,England
Production,West Mersea,Strood Channel,O. edulis,B-LT,N/A,Colchester BC and Maldon,B013Z,The Hard,England
Production,West Mersea,Mersea Flats West,C. gigas,B-LT,N/A,Colchester BC and Maldon,B13AA,West Mersea Outfall,England
Production,West Mersea,Mersea Flats West,O. edulis,B-LT,N/A,Colchester BC and Maldon,B13AA,West Mersea Outfall,England
Production,West Mersea,Mersea Flats East,C. gigas,B-LT,N/A,Colchester BC and Maldon,B13AC,Coopers Beach,England
Production,West Mersea,Mersea Flats East,O. edulis,B-LT,N/A,Colchester BC and Maldon,B13AC,Coopers Beach,England
Production,West Mersea,Salcott Channel,C. gigas,B-LT,N/A,Colchester BC and Maldon,B13AG,Salcott Pacifics,England
Production,West Mersea,Salcott Channel,O. edulis,B-LT,N/A,Colchester BC and Maldon,B13AG,Salcott Pacifics,England
Production,West Mersea,Salcott Channel,M. mercenaria,B-LT,N/A,Colchester BC and Maldon,B13AG,Salcott Pacifics,England
Production,West Mersea,Little Ditch,C. gigas,Seasonal A,1 November - 31 July (reverting to class B at all other times) ,Colchester BC and Maldon,B13AH,Little Ditch,England
Production,West Mersea,Little Ditch,O. edulis,Seasonal A,1 November - 31 July (reverting to class B at all other times) ,Colchester BC and Maldon,B13AH,Little Ditch,England
Relay,Percuil,Percuil relay,Mytilus spp.,Seasonal A/B,"Class A season - 1st Jan – 31st October 
(reverting to class B at all other times)",Cornwall PHA,B33BL,Black Rock,England
Relay,Poole Harbour,South Deep,O. edulis,A,N/A,Poole BC,B54AS,South Deep Relay Area,England
Relay,Poole Harbour,West Brownsea Relay,C. edule,A,N/A,Poole BC,B54CV,West Brownsea Island Relay Area,England
Relay,Poole Harbour,West Brownsea Relay,Tapes spp.,A,N/A,Poole BC,B54CV,West Brownsea Island Relay Area,England
Relay,Poole Harbour,West Brownsea Relay,M. mercenaria,A,N/A,Poole BC,B54CV,West Brownsea Island Relay Area,England
Relay,Porlock,Porlock East relay,C. gigas,A,N/A,Somerset West and Taunton Council,B094D,Porlock East,England
Relay,Porlock,Porlock relay,C. gigas,A,N/A,Somerset West and Taunton Council,B094E,Porlock Relay,England
Relay,Porlock,Oyster Perch,C. gigas,A,N/A,Somerset West and Taunton Council,B094F,Oyster Perch,England
Relay,Porlock,Porlock Relay 2,C. gigas,A,N/A,Somerset West and Taunton Council,B094G,Porlock Relay 2,England
Relay,West Mersea,Old Hall Creek,C. gigas,B-LT,N/A,Colchester BC and Maldon,B13AE,Old Hall Creek,England
Relay,West Mersea,Old Hall Creek,O. edulis,B-LT,N/A,Colchester BC and Maldon,B13AE,Old Hall Creek,England
Relay,West Mersea,Old Hall Creek,M. mercenaria,B-LT,N/A,Colchester BC and Maldon,B13AE,Old Hall Creek,England
Declassified,Blakeney,Simpool Head,Mytilus spp.,N/A,2,North Norfolk DC,B006S,Simpool Head,England
Declassified,Blakeney,South Side,C. gigas,N/A,2,North Norfolk DC,B006T,South Side,England
Declassified,Camel,Ball Hill,Mytilus spp.,N/A,N/A,Cornwall PHA/Cornwall CC,B35AI,Ball Hill Relay,England
Declassified,Car y Mor,Carn ar Wig,Pecten Maximus,N/A,7,Pembrokeshire CC,B097C,Carn ar Wig,Wales
Declassified,Car y Mor,Porthllisky,Pecten Maximus,N/A,7,Pembrokeshire CC,B097F,Porthllisky,Wales
Declassified,Chichester Harbour,Thorney,O. edulis,N/A,7,Chichester DC,B018H,Thorney Outfall (O.ed),England
Declassified,Chichester Harbour,Emsworth Channel,O. edulis,N/A,7,Havant BC,B018M,Emsworth,England
Declassified,Deben,Spinny Marsh,C. gigas,N/A,7,Suffolk Coastal DC,B010G,Spinny Marsh,England
Declassified,Deben,Girlings Hard,Mytilus spp.,N/A,7,Suffolk Coastal DC,B010O,Stonner Point,England
Declassified,Deben,Girlings Hard,O. edulis,N/A,7,Suffolk Coastal DC,B010O,Stonner Point,England
Declassified,Deben,Girlings Hard,C. gigas,N/A,7,Suffolk Coastal DC,B010O,Stonner Point,England
Declassified,Deben,Shottisham Creek,C. gigas,N/A,7,Suffolk Coastal DC,B010O,Stonner Point,England
Declassified,Deben,Shottisham Creek,Mytilus spp.,N/A,7,Suffolk Coastal DC,B010O,Stonner Point,England
Declassified,Deben,Stonner Point,C. gigas,N/A,7,Suffolk Coastal DC,B010O,Stonner Point,England
Declassified,Deben,Stonner Point,Mytilus spp.,N/A,7,Suffolk Coastal DC,B010O,Stonner Point,England
Declassified,Dee,Mostyn & Talacre,C. edule,N/A,7,Flintshire CC ,B45AC,Mostyn/Talacre (C. ed),Wales
Declassified,Duddon,Duddon Sands,Mytilus spp.,N/A,2,Barrow-in-Furness BC,B052D,Duddon Channel,England
Declassified,Exe,Sandy Bay,S. solida,N/A,7,Teignbridge DC and East Devon DC,B26BJ,Exe West,England
Declassified,Fal (Lower),Falmouth Wharves,C. gigas,N/A,7,Cornwall PHA,B033X,Falmouth Wharves,England
Declassified,Fal (Lower),Falmouth Wharves,O. edulis,N/A,7,Cornwall PHA,B033X,Falmouth Wharves,England
Declassified,Menai Straits - West,Area 11,C. gigas,N/A,7,Gwynedd CC,B042R,Area 11  ,Wales
Declassified,North Kent Coast,Hampton Pier,Mytilus spp.,N/A,2,Canterbury CC,B17BD,Hampton Pier,England
Declassified,North Kent Coast,Off Leysdown,O. edulis,N/A,7,Canterbury CC,B17BF,Off Leysdown (O.ed),England
Declassified,North Kent Coast,Hampton Pier,O. edulis,N/A,2,Canterbury CC,B17CB,Hampton Pier,England
Declassified,North Kent Coast,Hampton Pier,C. gigas,N/A,2,Canterbury CC,B17CB,Hampton Pier,England
Declassified,North Kent Coast,Swalecliffe,Mytilus spp.,N/A,2,Canterbury CC,B17CC,Swalecliffe,England
Declassified,North Kent Coast,Swalecliffe,C. gigas,N/A,2,Canterbury CC,B17CC,Swalecliffe,England
Declassified,Portland ,Site A Mussels,Mytilus spp.,N/A,7,Dorset Council,B25AK,Site A (Mytilus spp.),England
Declassified,Portland ,Site A,C. gigas,N/A,7,Dorset Council,B25AL,Site A (C.gigas),England
Declassified,Portland ,Site A King Scallops,Pecten Maximus,N/A,7,Weymouth PHA,B25AM,Site A King Scallops (P.ma),England
Declassified,Roach,Inner Roach,Mytilus spp.,B,4,London PHA,B73AB,Barton Hall,England
Declassified,Roach,Barlinghall Creek,Mytilus spp.,B,4,London PHA,B73AD,Barling Hall,England
Declassified,Roach,Middleway,Mytilus spp.,N/A,7,London PHA,B73AE,Rushey Island,England
Declassified,Silloth,Silloth South (Lees Scar),Mytilus spp.,N/A,2,Allerdale BC,B059L,Lees Scar,England
Declassified,Silloth,Dubmill Scar,C. gigas,N/A,2,Allerdale BC,B059Q,Dubmill Oysters 2,England
Declassified,Start Bay,Slapton,S. solida,N/A,2,South Hams DC,B087J,Off Torcross,England
Declassified,West Mersea,Old Hall Creek (Tapes spp.),Tapes spp.,N/A,7,Colchester BC and Maldon,B13AK,Old Hall Creek (t.spp),England
Declassified,Yealm,Fox Cove,C. gigas,N/A,7,Plymouth PHA,B031E,Fox Cove (C.gi),England
Declassified,Yealm,Thorn,C. gigas,N/A,7,Plymouth PHA,B031J,Thorn (C.gi),England
Prohibited,Beaulieu River,Bailey’s Hard (all species),N/A,N/A,N/A,New Forest DC,B023E,Bailey's Hard (T.sp),England
Prohibited,Chichester Harbour,Prinstead (all species),N/A,N/A,N/A,Chichester DC,B018P,Hambrook ,England
Prohibited,Dee,Thurstaston East (all species),N/A,N/A,N/A,Wirral BC,B045G,Thurstaston - East (C),England
Prohibited,Fal (Lower),Turnaware Point Relay (Upper zone) (All species),N/A,N/A,N/A,Cornwall PHA,B33BJ,Turnaware Point (M),England
Prohibited,Fowey,Wisemans (all species),N/A,N/A,N/A,Cornwall PHA,B070Z,Wisemans (M.sp),England
Prohibited,Liverpool Bay,Mersey (Wallasey) (all species),N/A,N/A,N/A,Mersey PHA,B085B,Tobin Street,England
Prohibited,Medina,Dodnor (all species),N/A,N/A,N/A,Isle of Wight Council,B063F,Fairlee Station Outfall,England
Prohibited,Morecambe Bay - Roosebeck,Aldingham,N/A,N/A,N/A,"South Lakeland DC, Barrow-in-Furness BC",B48BA,Ulverston Sands,England
Prohibited,Plymouth,Plym – All beds,N/A,N/A,N/A,Plymouth PHA,B32AC,South of Laira Bridge / Martins Wharfe ,England
Prohibited,Plymouth,Tamar – All beds above Henn Point (all species),N/A,N/A,N/A,Plymouth PHA,B32AE,Tamar - Henn Point (M) ,England
Prohibited,Poole Harbour,Lytchett Bay (all species),N/A,N/A,N/A,Poole BC,B54AM,Lytchett Bay,England
Prohibited,Portsmouth Harbour,Paulsgrove and Portchester (Tapes spp and C.edule),N/A,N/A,N/A,Portsmouth PHA,B020J,Paulsgrove (T.spp),England
Prohibited,Portsmouth Harbour,Fareham Lake Middle (all species),N/A,N/A,N/A,Portsmouth PHA,B020V,Fareham Lake Middle,England
Prohibited,Portsmouth Harbour,Fareham Lake Middle (all species),N/A,N/A,N/A,Portsmouth PHA,B020V,Fareham Lake Middle,England
Prohibited,Ribble,Ribble Channel (all species),N/A,N/A,N/A,Fylde BC,B046X,Ribble Channel (M),England
Prohibited,Silloth,Silloth South (Catherinehole Scar) (all species),N/A,N/A,N/A,Allerdale BC,B059M,Catherinehole Scar,England
Prohibited,Southampton Water,Itchen River (all species),N/A,N/A,N/A,Southampton PHA ,"B021Q
B021R","Itchen 1 (clj)
Itchen 2 (clj)",England
Prohibited,Southampton Water,Eling (all species),N/A,N/A,N/A,Southampton PHA ,B21AV,Eling (tapes),England
Prohibited,Swansea Bay,Queen’s Dock,N/A,N/A,N/A,Swansea PHA,B037U,Queens Dock (M.spp),Wales